0.0,21.0,9.0,331.0,8415.0,2.0,0.0,0.0,1.0,26.0,255.0,0.04,0.0,0.0,13
0.0,21.0,9.0,314.0,308.0,4.0,0.0,0.0,1.0,4.0,255.0,0.25,0.0,0.0,1
0.0,21.0,9.0,330.0,13179.0,1.0,0.0,0.0,1.0,14.0,255.0,0.07,0.0,0.0,13
0.0,21.0,9.0,341.0,1473.0,7.0,0.0,0.0,1.0,24.0,255.0,0.04,0.0,0.0,13
0.0,21.0,9.0,302.0,3966.0,4.0,0.0,0.0,1.0,34.0,255.0,0.03,0.0,0.0,13
0.0,21.0,9.0,172.0,524.0,2.0,0.0,0.0,1.0,10.0,255.0,0.1,0.0,0.0,13
0.0,21.0,9.0,218.0,13340.0,2.0,0.0,0.0,1.0,2.0,255.0,0.5,0.0,0.0,16
0.0,21.0,9.0,223.0,384.0,5.0,0.0,0.0,1.0,5.0,255.0,0.2,0.0,0.0,1
0.0,21.0,9.0,232.0,1302.0,4.0,0.0,0.0,1.0,4.0,255.0,0.25,0.0,0.0,1
0.0,21.0,9.0,220.0,8970.0,14.0,0.0,0.0,1.0,14.0,255.0,0.07,0.0,0.0,13
0.0,21.0,9.0,228.0,2917.0,10.0,0.0,0.0,1.0,24.0,255.0,0.04,0.0,0.0,13
0.0,21.0,9.0,181.0,5450.0,8.0,0.0,0.0,1.0,9.0,9.0,0.11,0.0,0.0,15
0.0,21.0,9.0,239.0,486.0,8.0,0.0,0.0,1.0,19.0,19.0,0.05,0.0,0.0,15
0.0,21.0,9.0,235.0,1337.0,8.0,0.0,0.0,1.0,29.0,29.0,0.03,0.0,0.0,15
0.0,21.0,9.0,219.0,1337.0,6.0,0.0,0.0,1.0,39.0,39.0,0.03,0.0,0.0,15
0.0,21.0,9.0,217.0,2032.0,6.0,0.0,0.0,1.0,49.0,49.0,0.02,0.0,0.0,15
0.0,21.0,9.0,217.0,2032.0,6.0,0.0,0.0,1.0,59.0,59.0,0.02,0.0,0.0,15
0.0,21.0,9.0,212.0,1940.0,1.0,0.0,0.0,1.0,1.0,69.0,1.0,0.0,0.0,17
0.0,21.0,9.0,159.0,4087.0,5.0,0.0,0.0,1.0,11.0,79.0,0.09,0.0,0.0,15
0.0,21.0,9.0,210.0,151.0,8.0,0.0,0.0,1.0,8.0,89.0,0.12,0.0,0.0,15
0.0,21.0,9.0,212.0,786.0,8.0,0.0,0.0,1.0,8.0,99.0,0.12,0.0,0.0,15
0.0,21.0,9.0,309.0,757.0,3.0,0.0,0.0,1.0,31.0,255.0,0.03,0.0,0.0,13
0.0,21.0,9.0,281.0,757.0,3.0,0.0,0.0,1.0,41.0,255.0,0.02,0.0,0.0,13
0.0,21.0,9.0,222.0,763.0,1.0,0.0,0.0,1.0,51.0,255.0,0.02,0.0,0.0,13
0.0,21.0,9.0,279.0,757.0,2.0,0.0,0.0,1.0,61.0,255.0,0.02,0.0,0.0,13
0.0,21.0,9.0,309.0,757.0,2.0,0.0,0.0,1.0,71.0,255.0,0.01,0.0,0.0,13
0.0,21.0,9.0,208.0,757.0,3.0,0.0,0.0,1.0,81.0,255.0,0.01,0.0,0.0,13
0.0,21.0,9.0,309.0,755.0,1.0,0.0,0.0,1.0,91.0,255.0,0.01,0.0,0.0,13
0.0,21.0,9.0,209.0,751.0,3.0,0.0,0.0,1.0,101.0,255.0,0.01,0.0,0.0,13
0.0,21.0,9.0,209.0,751.0,1.0,0.0,0.0,1.0,111.0,255.0,0.01,0.0,0.0,13
0.0,21.0,9.0,281.0,755.0,2.0,0.0,0.0,1.0,121.0,255.0,0.01,0.0,0.0,14
0.0,21.0,9.0,281.0,757.0,4.0,0.0,0.0,1.0,131.0,255.0,0.01,0.0,0.0,14
0.0,21.0,9.0,330.0,1481.0,6.0,0.0,0.0,1.0,255.0,255.0,0.0,0.0,0.0,8
0.0,21.0,9.0,240.0,8159.0,2.0,0.0,0.0,1.0,255.0,255.0,0.0,0.0,0.0,8
0.0,21.0,9.0,309.0,1109.0,12.0,0.0,0.0,1.0,255.0,255.0,0.0,0.0,0.0,8
0.0,21.0,9.0,310.0,1481.0,8.0,0.0,0.0,1.0,255.0,255.0,0.0,0.0,0.0,8
0.0,21.0,9.0,152.0,8159.0,1.0,0.0,0.0,1.0,255.0,255.0,0.0,0.0,0.0,8
0.0,21.0,9.0,217.0,280.0,10.0,0.0,0.0,1.0,255.0,255.0,0.0,0.0,0.0,8
0.0,21.0,9.0,307.0,5280.0,10.0,0.0,0.0,1.0,255.0,255.0,0.0,0.0,0.0,8
0.0,21.0,9.0,302.0,1461.0,6.0,0.0,0.0,1.0,255.0,255.0,0.0,0.0,0.0,8
0.0,21.0,9.0,152.0,8159.0,2.0,0.0,0.0,1.0,255.0,255.0,0.0,0.0,0.0,8
0.0,21.0,9.0,222.0,1408.0,12.0,0.0,0.0,1.0,255.0,255.0,0.0,0.0,0.0,8
0.0,21.0,9.0,216.0,13655.0,2.0,0.0,0.0,1.0,7.0,255.0,0.14,0.0,0.0,13
0.0,21.0,9.0,215.0,1108.0,1.0,0.0,0.0,1.0,255.0,255.0,0.0,0.0,0.0,8
0.0,21.0,9.0,216.0,1645.0,3.0,0.0,0.0,1.0,255.0,255.0,0.0,0.0,0.0,8
0.0,21.0,9.0,213.0,1694.0,13.0,0.0,0.0,1.0,255.0,255.0,0.0,0.0,0.0,8
0.0,21.0,9.0,243.0,1719.0,6.0,0.0,0.0,1.0,255.0,255.0,0.0,0.0,0.0,8
0.0,21.0,9.0,147.0,3253.0,3.0,0.0,0.0,1.0,255.0,255.0,0.0,0.0,0.0,8
0.0,21.0,9.0,163.0,30113.0,1.0,0.0,0.0,1.0,255.0,255.0,0.0,0.01,0.01,17
0.0,21.0,9.0,215.0,12161.0,10.0,0.0,0.0,1.0,255.0,255.0,0.0,0.01,0.01,0
0.0,21.0,9.0,231.0,7208.0,19.0,0.0,0.0,1.0,255.0,255.0,0.0,0.01,0.01,0
0.0,21.0,9.0,233.0,2019.0,28.0,0.0,0.0,1.0,255.0,255.0,0.0,0.01,0.01,16
0.0,21.0,9.0,217.0,2658.0,37.0,0.0,0.0,1.0,255.0,255.0,0.0,0.01,0.01,16
0.0,21.0,9.0,317.0,4894.0,17.0,0.0,0.0,1.0,255.0,255.0,0.0,0.01,0.01,0
0.0,21.0,9.0,333.0,2019.0,27.0,0.0,0.0,1.0,255.0,255.0,0.0,0.01,0.01,0
0.0,21.0,9.0,317.0,2658.0,37.0,0.0,0.0,1.0,255.0,255.0,0.0,0.01,0.01,16
0.0,21.0,9.0,317.0,6329.0,6.0,0.0,0.0,1.0,255.0,255.0,0.0,0.01,0.01,17
0.0,21.0,9.0,263.0,30113.0,16.0,0.0,0.0,1.0,255.0,255.0,0.0,0.01,0.01,0
0.0,12.0,9.0,1032.0,0.0,511.0,0.0,0.0,1.0,255.0,203.0,0.8,0.0,0.0,16
0.0,12.0,9.0,1032.0,0.0,511.0,0.0,0.0,1.0,255.0,213.0,0.84,0.0,0.0,16
0.0,12.0,9.0,1032.0,0.0,511.0,0.0,0.0,1.0,255.0,223.0,0.87,0.0,0.0,16
0.0,12.0,9.0,1032.0,0.0,511.0,0.0,0.0,1.0,255.0,233.0,0.91,0.0,0.0,16
0.0,12.0,9.0,1032.0,0.0,511.0,0.0,0.0,1.0,255.0,243.0,0.95,0.0,0.0,16
0.0,12.0,9.0,1032.0,0.0,511.0,0.0,0.0,1.0,255.0,253.0,0.99,0.0,0.0,16
0.0,12.0,9.0,1032.0,0.0,511.0,0.0,0.0,1.0,255.0,255.0,1.0,0.0,0.0,16
0.0,12.0,9.0,1032.0,0.0,511.0,0.0,0.0,1.0,255.0,255.0,1.0,0.0,0.0,16
0.0,12.0,9.0,1032.0,0.0,511.0,0.0,0.0,1.0,255.0,255.0,1.0,0.0,0.0,16
0.0,12.0,9.0,1032.0,0.0,511.0,0.0,0.0,1.0,255.0,255.0,1.0,0.0,0.0,16
0.0,12.0,9.0,1032.0,0.0,511.0,0.0,0.0,1.0,255.0,255.0,1.0,0.0,0.0,16
0.0,12.0,9.0,1032.0,0.0,511.0,0.0,0.0,1.0,255.0,255.0,1.0,0.0,0.0,16
0.0,12.0,9.0,1032.0,0.0,511.0,0.0,0.0,1.0,255.0,255.0,1.0,0.0,0.0,16
0.0,12.0,9.0,1032.0,0.0,511.0,0.0,0.0,1.0,255.0,255.0,1.0,0.0,0.0,16
0.0,12.0,9.0,1032.0,0.0,511.0,0.0,0.0,1.0,255.0,255.0,1.0,0.0,0.0,16
0.0,12.0,9.0,1032.0,0.0,511.0,0.0,0.0,1.0,255.0,255.0,1.0,0.0,0.0,16
0.0,12.0,9.0,1032.0,0.0,511.0,0.0,0.0,1.0,255.0,255.0,1.0,0.0,0.0,16
0.0,12.0,9.0,1032.0,0.0,511.0,0.0,0.0,1.0,255.0,255.0,1.0,0.0,0.0,16
0.0,12.0,9.0,1032.0,0.0,511.0,0.0,0.0,1.0,255.0,255.0,1.0,0.0,0.0,16
0.0,12.0,9.0,1032.0,0.0,511.0,0.0,0.0,1.0,255.0,255.0,1.0,0.0,0.0,16
0.0,12.0,9.0,1032.0,0.0,511.0,0.0,0.0,1.0,255.0,255.0,1.0,0.0,0.0,16
0.0,12.0,9.0,1032.0,0.0,511.0,0.0,0.0,1.0,255.0,255.0,1.0,0.0,0.0,16
0.0,12.0,9.0,1032.0,0.0,509.0,0.0,0.0,1.0,255.0,255.0,1.0,0.0,0.0,16
0.0,12.0,9.0,1032.0,0.0,511.0,0.0,0.0,1.0,255.0,255.0,1.0,0.0,0.0,16
0.0,12.0,9.0,1032.0,0.0,511.0,0.0,0.0,1.0,255.0,255.0,1.0,0.0,0.0,16
0.0,12.0,9.0,1032.0,0.0,511.0,0.0,0.0,1.0,255.0,255.0,1.0,0.0,0.0,16
0.0,12.0,9.0,1032.0,0.0,511.0,0.0,0.0,1.0,255.0,255.0,1.0,0.0,0.0,16
0.0,12.0,9.0,1032.0,0.0,511.0,0.0,0.0,1.0,255.0,255.0,1.0,0.0,0.0,16
0.0,12.0,9.0,1032.0,0.0,511.0,0.0,0.0,1.0,255.0,255.0,1.0,0.0,0.0,16
0.0,12.0,9.0,1032.0,0.0,330.0,0.0,0.0,1.0,255.0,255.0,1.0,0.0,0.0,16
0.0,12.0,9.0,1032.0,0.0,511.0,0.0,0.0,1.0,255.0,255.0,1.0,0.0,0.0,16
0.0,21.0,9.0,315.0,1705.0,30.0,0.0,0.0,1.0,87.0,98.0,0.01,0.01,0.01,15
0.0,21.0,9.0,315.0,622.0,5.0,0.0,0.0,1.0,97.0,108.0,0.01,0.01,0.01,15
0.0,21.0,9.0,329.0,1856.0,10.0,0.0,0.0,1.0,107.0,118.0,0.01,0.01,0.01,15
0.0,21.0,9.0,328.0,321.0,6.0,0.0,0.0,1.0,23.0,238.0,0.04,0.0,0.0,13
0.0,21.0,9.0,328.0,359.0,16.0,0.0,0.0,1.0,33.0,248.0,0.03,0.0,0.0,13
0.0,21.0,9.0,315.0,5200.0,26.0,0.0,0.0,1.0,43.0,255.0,0.02,0.0,0.0,13
0.0,21.0,9.0,331.0,7129.0,10.0,0.0,0.0,1.0,53.0,255.0,0.02,0.0,0.0,13
0.0,21.0,9.0,337.0,774.0,20.0,0.0,0.0,1.0,63.0,255.0,0.02,0.0,0.0,13
0.0,21.0,9.0,210.0,2445.0,9.0,0.0,0.0,1.0,73.0,255.0,0.01,0.0,0.0,13
0.0,21.0,9.0,239.0,285.0,8.0,0.0,0.0,1.0,72.0,255.0,0.01,0.0,0.0,13
0.0,21.0,9.0,263.0,329.0,18.0,0.0,0.0,1.0,82.0,255.0,0.01,0.0,0.0,13
0.0,21.0,9.0,223.0,716.0,10.0,0.0,0.0,1.0,92.0,255.0,0.01,0.0,0.0,13
0.0,21.0,9.0,224.0,681.0,20.0,0.0,0.0,1.0,102.0,255.0,0.01,0.0,0.0,13
0.0,21.0,9.0,222.0,724.0,30.0,0.0,0.0,1.0,112.0,255.0,0.01,0.0,0.0,13
0.0,21.0,9.0,223.0,655.0,18.0,0.0,0.0,1.0,122.0,255.0,0.01,0.0,0.0,14
0.0,21.0,9.0,242.0,392.0,28.0,0.0,0.0,1.0,132.0,255.0,0.01,0.0,0.0,14
0.0,21.0,9.0,314.0,9283.0,8.0,0.0,0.0,1.0,142.0,255.0,0.01,0.0,0.0,14
0.0,21.0,9.0,296.0,653.0,1.0,0.0,0.0,1.0,152.0,255.0,0.01,0.0,0.0,14
0.0,21.0,9.0,296.0,290.0,11.0,0.0,0.0,1.0,162.0,255.0,0.01,0.0,0.0,14
0.0,21.0,9.0,295.0,851.0,21.0,0.0,0.0,1.0,172.0,255.0,0.01,0.0,0.0,14
0.0,21.0,9.0,297.0,839.0,31.0,0.0,0.0,1.0,182.0,255.0,0.01,0.0,0.0,14
0.0,21.0,9.0,309.0,853.0,41.0,0.0,0.0,1.0,192.0,255.0,0.01,0.0,0.0,14
0.0,21.0,9.0,298.0,647.0,51.0,0.0,0.0,1.0,202.0,255.0,0.0,0.0,0.0,8
0.0,21.0,9.0,244.0,682.0,9.0,0.0,0.0,1.0,212.0,255.0,0.0,0.0,0.0,8
0.0,21.0,9.0,244.0,576.0,19.0,0.0,0.0,1.0,222.0,255.0,0.0,0.0,0.0,8
0.0,21.0,9.0,242.0,851.0,24.0,0.0,0.0,1.0,232.0,255.0,0.0,0.0,0.0,8
0.0,21.0,9.0,262.0,311.0,34.0,0.0,0.0,1.0,242.0,255.0,0.0,0.0,0.0,8
0.0,21.0,9.0,230.0,888.0,6.0,0.0,0.0,1.0,252.0,255.0,0.0,0.0,0.0,8
0.0,21.0,9.0,228.0,589.0,16.0,0.0,0.0,1.0,255.0,255.0,0.0,0.0,0.0,8
0.0,21.0,9.0,173.0,10903.0,26.0,0.0,0.0,1.0,255.0,255.0,0.0,0.0,0.0,8
0.0,21.0,9.0,227.0,851.0,36.0,0.0,0.0,1.0,255.0,255.0,0.0,0.0,0.0,8
0.0,21.0,9.0,316.0,669.0,3.0,0.0,0.0,1.0,255.0,255.0,0.0,0.0,0.0,8
0.0,21.0,9.0,316.0,589.0,13.0,0.0,0.0,1.0,255.0,255.0,0.0,0.0,0.0,8
0.0,21.0,9.0,315.0,724.0,23.0,0.0,0.0,1.0,255.0,255.0,0.0,0.0,0.0,8
0.0,21.0,9.0,312.0,380.0,32.0,0.0,0.0,1.0,255.0,255.0,0.0,0.0,0.0,8
0.0,21.0,9.0,316.0,655.0,42.0,0.0,0.0,1.0,255.0,255.0,0.0,0.0,0.0,8
0.0,21.0,9.0,299.0,278.0,1.0,0.0,0.0,1.0,9.0,9.0,0.11,0.0,0.0,15
0.0,21.0,9.0,269.0,1359.0,5.0,0.0,0.0,1.0,5.0,19.0,0.2,0.0,0.0,15
0.0,21.0,9.0,325.0,1185.0,15.0,0.0,0.0,1.0,15.0,29.0,0.07,0.0,0.0,15
0.0,21.0,9.0,330.0,2152.0,25.0,0.0,0.0,1.0,25.0,39.0,0.04,0.0,0.0,15
0.0,21.0,9.0,222.0,1185.0,5.0,0.0,0.0,1.0,35.0,49.0,0.03,0.0,0.0,15
0.0,21.0,9.0,229.0,2152.0,15.0,0.0,0.0,1.0,45.0,59.0,0.02,0.0,0.0,15
0.0,21.0,9.0,172.0,2735.0,25.0,0.0,0.0,1.0,55.0,69.0,0.02,0.0,0.0,15
0.0,21.0,9.0,207.0,2225.0,5.0,0.0,0.0,1.0,65.0,79.0,0.02,0.0,0.0,14
0.0,21.0,9.0,155.0,705.0,15.0,0.0,0.0,1.0,75.0,89.0,0.01,0.0,0.0,14
0.0,21.0,9.0,209.0,1185.0,25.0,0.0,0.0,1.0,85.0,99.0,0.01,0.0,0.0,14
0.0,21.0,9.0,224.0,2288.0,2.0,0.0,0.0,1.0,5.0,109.0,0.2,0.0,0.0,15
0.0,21.0,9.0,215.0,1959.0,12.0,0.0,0.0,1.0,15.0,119.0,0.07,0.0,0.0,14
0.0,21.0,9.0,218.0,1158.0,8.0,0.0,0.0,1.0,25.0,129.0,0.04,0.0,0.0,14
0.0,21.0,9.0,221.0,1254.0,18.0,0.0,0.0,1.0,35.0,139.0,0.03,0.0,0.0,14
0.0,21.0,9.0,222.0,2125.0,9.0,0.0,0.0,1.0,45.0,149.0,0.02,0.0,0.0,14
0.0,21.0,9.0,326.0,1047.0,2.0,0.0,0.0,1.0,55.0,159.0,0.02,0.0,0.0,13
0.0,21.0,9.0,327.0,475.0,12.0,0.0,0.0,1.0,65.0,169.0,0.02,0.0,0.0,13
0.0,21.0,9.0,296.0,1047.0,2.0,0.0,0.0,1.0,75.0,179.0,0.01,0.0,0.0,13
0.0,21.0,9.0,295.0,1665.0,12.0,0.0,0.0,1.0,85.0,189.0,0.01,0.0,0.0,13
0.0,21.0,9.0,305.0,2070.0,3.0,0.0,0.0,1.0,95.0,199.0,0.01,0.0,0.0,13
0.0,21.0,9.0,302.0,1959.0,13.0,0.0,0.0,1.0,105.0,209.0,0.01,0.0,0.0,13
0.0,21.0,9.0,317.0,2790.0,9.0,0.0,0.0,1.0,115.0,219.0,0.01,0.0,0.0,14
0.0,21.0,9.0,301.0,8773.0,5.0,0.0,0.0,1.0,125.0,229.0,0.01,0.0,0.0,14
0.0,21.0,9.0,317.0,820.0,14.0,0.0,0.0,1.0,33.0,255.0,0.03,0.0,0.0,13
0.0,21.0,9.0,165.0,7542.0,5.0,0.0,0.0,1.0,43.0,255.0,0.02,0.0,0.0,13
0.0,21.0,9.0,230.0,947.0,15.0,0.0,0.0,1.0,53.0,255.0,0.02,0.0,0.0,13
0.0,21.0,9.0,236.0,446.0,25.0,0.0,0.0,1.0,63.0,255.0,0.02,0.0,0.0,13
0.0,21.0,9.0,232.0,1880.0,35.0,0.0,0.0,1.0,73.0,255.0,0.01,0.0,0.0,13
0.0,21.0,9.0,295.0,430.0,2.0,0.0,0.0,1.0,83.0,255.0,0.02,0.0,0.0,13
0.0,21.0,9.0,305.0,756.0,12.0,0.0,0.0,1.0,93.0,255.0,0.02,0.0,0.0,13
0.0,21.0,9.0,304.0,403.0,22.0,0.0,0.0,1.0,103.0,255.0,0.01,0.0,0.0,13
0.0,21.0,9.0,312.0,947.0,32.0,0.0,0.0,1.0,113.0,255.0,0.01,0.0,0.0,13
0.0,21.0,9.0,297.0,6724.0,42.0,0.0,0.0,1.0,123.0,255.0,0.02,0.0,0.0,14
0.0,21.0,9.0,221.0,911.0,9.0,0.0,0.0,1.0,133.0,255.0,0.02,0.0,0.0,14
0.0,21.0,9.0,159.0,4719.0,19.0,0.0,0.0,1.0,143.0,255.0,0.01,0.0,0.0,14
0.0,21.0,9.0,230.0,857.0,29.0,0.0,0.0,1.0,153.0,255.0,0.02,0.0,0.0,14
0.0,21.0,9.0,234.0,866.0,39.0,0.0,0.0,1.0,163.0,255.0,0.01,0.0,0.0,14
0.0,21.0,9.0,223.0,413.0,5.0,0.0,0.0,1.0,173.0,255.0,0.01,0.0,0.0,14
0.0,21.0,9.0,235.0,430.0,15.0,0.0,0.0,1.0,183.0,255.0,0.01,0.0,0.0,14
0.0,21.0,9.0,246.0,756.0,25.0,0.0,0.0,1.0,193.0,255.0,0.01,0.0,0.0,14
0.0,21.0,9.0,249.0,911.0,35.0,0.0,0.0,1.0,203.0,255.0,0.0,0.0,0.0,8
0.0,21.0,9.0,217.0,2712.0,2.0,0.0,0.0,1.0,2.0,255.0,0.5,0.0,0.0,16
0.0,21.0,9.0,219.0,2463.0,12.0,0.0,0.0,1.0,12.0,255.0,0.08,0.0,0.0,13
0.0,21.0,9.0,217.0,38737.0,2.0,0.0,0.0,1.0,22.0,255.0,0.05,0.0,0.0,13
0.0,21.0,9.0,54540.0,8314.0,1.0,0.0,0.5,1.0,1.0,1.0,1.0,0.0,0.0,18
0.0,21.0,9.0,54540.0,8314.0,2.0,0.0,0.33,1.0,2.0,2.0,0.5,0.0,0.0,18
0.0,21.0,9.0,54540.0,8314.0,3.0,0.0,0.25,1.0,3.0,3.0,0.33,0.0,0.0,4
0.0,21.0,9.0,54540.0,8314.0,4.0,0.0,0.0,1.0,4.0,4.0,0.25,0.0,0.0,4
0.0,21.0,9.0,54540.0,8314.0,4.0,0.0,0.0,1.0,5.0,5.0,0.2,0.0,0.0,2
0.0,21.0,9.0,54540.0,8314.0,5.0,0.0,0.0,1.0,6.0,6.0,0.17,0.0,0.0,2
0.0,21.0,4.0,54540.0,8314.0,4.0,0.0,0.25,1.0,7.0,7.0,0.14,0.0,0.0,18
0.0,21.0,9.0,54540.0,8314.0,5.0,0.0,0.2,1.0,9.0,9.0,0.11,0.0,0.0,4
0.0,21.0,9.0,54540.0,8314.0,6.0,0.0,0.17,1.0,10.0,10.0,0.1,0.0,0.0,4
0.0,21.0,9.0,54540.0,8314.0,7.0,0.0,0.14,1.0,11.0,11.0,0.09,0.0,0.0,2
0.0,21.0,9.0,54540.0,8314.0,6.0,0.0,0.17,1.0,12.0,12.0,0.08,0.0,0.0,2
0.0,21.0,9.0,54540.0,8314.0,5.0,0.0,0.0,1.0,13.0,13.0,0.08,0.0,0.0,2
0.0,21.0,9.0,54540.0,8314.0,6.0,0.0,0.0,1.0,14.0,14.0,0.07,0.0,0.0,2
0.0,21.0,9.0,54540.0,8314.0,4.0,0.0,0.0,1.0,15.0,15.0,0.07,0.0,0.0,2
0.0,21.0,9.0,54540.0,8314.0,4.0,0.0,0.0,1.0,16.0,16.0,0.06,0.0,0.0,2
0.0,21.0,9.0,54540.0,8314.0,5.0,0.0,0.0,1.0,17.0,17.0,0.06,0.0,0.0,2
0.0,21.0,9.0,54540.0,8314.0,4.0,0.0,0.0,1.0,18.0,18.0,0.06,0.0,0.0,2
0.0,21.0,4.0,54060.0,7300.0,4.0,0.0,0.25,1.0,19.0,19.0,0.05,0.0,0.0,18
0.0,21.0,9.0,54540.0,8314.0,5.0,0.0,0.2,1.0,20.0,20.0,0.05,0.0,0.0,4
0.0,9.0,9.0,1.0,0.0,6.0,0.0,0.0,0.17,150.0,1.0,0.03,0.01,0.0,17
3.0,58.0,9.0,54.0,114.0,7.0,0.0,0.0,0.14,160.0,29.0,0.01,0.01,0.03,18
0.0,11.0,9.0,20.0,0.0,1.0,0.0,0.0,1.0,255.0,1.0,0.0,0.0,0.0,17
0.0,64.0,1.0,0.0,0.0,3.0,0.0,1.0,0.33,255.0,1.0,0.0,0.0,0.0,18
0.0,20.0,1.0,0.0,0.0,9.0,0.0,1.0,0.11,255.0,1.0,0.0,0.0,0.0,18
0.0,47.0,1.0,0.0,0.0,19.0,0.0,1.0,0.05,255.0,1.0,0.0,0.0,0.0,19
2.0,18.0,9.0,6.0,77.0,39.0,0.03,0.0,0.03,255.0,2.0,0.0,0.0,0.0,17
0.0,47.0,1.0,0.0,0.0,49.0,0.02,1.0,0.02,255.0,1.0,0.0,0.0,0.0,19
0.0,47.0,1.0,0.0,0.0,59.0,0.02,1.0,0.02,255.0,1.0,0.0,0.0,0.0,19
0.0,47.0,1.0,0.0,0.0,69.0,0.01,1.0,0.01,255.0,1.0,0.0,0.0,0.0,19
0.0,47.0,1.0,0.0,0.0,79.0,0.01,1.0,0.01,255.0,1.0,0.0,0.0,0.0,19
0.0,17.0,1.0,0.0,0.0,89.0,0.01,1.0,0.01,255.0,1.0,0.0,0.0,0.0,18
0.0,47.0,1.0,0.0,0.0,99.0,0.01,1.0,0.01,255.0,1.0,0.0,0.0,0.0,19
0.0,43.0,9.0,44.0,192.0,109.0,0.01,0.0,0.01,255.0,1.0,0.0,0.0,0.0,17
0.0,47.0,1.0,0.0,0.0,120.0,0.01,1.0,0.01,255.0,1.0,0.0,0.0,0.0,19
0.0,47.0,1.0,0.0,0.0,130.0,0.01,1.0,0.01,255.0,1.0,0.0,0.0,0.0,19
0.0,47.0,1.0,0.0,0.0,140.0,0.04,1.0,0.01,255.0,1.0,0.0,0.02,0.0,19
0.0,47.0,1.0,0.0,0.0,150.0,0.04,1.0,0.01,255.0,1.0,0.0,0.02,0.0,19
0.0,47.0,1.0,0.0,0.0,160.0,0.04,1.0,0.01,255.0,1.0,0.0,0.02,0.0,20
0.0,47.0,1.0,0.0,0.0,170.0,0.04,1.0,0.01,255.0,1.0,0.0,0.02,0.0,20
0.0,47.0,1.0,0.0,0.0,180.0,0.03,1.0,0.01,255.0,1.0,0.0,0.02,0.0,20
0.0,17.0,9.0,8737.0,0.0,11.0,0.0,0.0,1.0,45.0,46.0,0.49,0.0,0.0,15
3.0,52.0,9.0,746.0,340.0,1.0,0.0,0.0,1.0,55.0,185.0,0.02,0.0,0.0,5
3.0,52.0,9.0,964.0,340.0,1.0,0.0,0.0,1.0,65.0,190.0,0.02,0.0,0.0,5
3.0,52.0,9.0,742.0,336.0,1.0,0.0,0.0,1.0,75.0,191.0,0.01,0.0,0.0,5
21.0,52.0,9.0,885.0,335.0,1.0,0.0,0.0,1.0,85.0,189.0,0.01,0.0,0.0,14
1.0,52.0,9.0,748.0,343.0,1.0,0.0,0.0,1.0,95.0,188.0,0.01,0.0,0.0,5
1.0,52.0,9.0,1356.0,338.0,1.0,0.0,0.0,1.0,105.0,186.0,0.01,0.0,0.0,5
3.0,52.0,9.0,1780.0,342.0,1.0,0.0,0.0,1.0,115.0,190.0,0.01,0.0,0.0,14
2.0,52.0,9.0,887.0,340.0,1.0,0.0,0.0,1.0,125.0,185.0,0.01,0.0,0.0,14
34.0,52.0,9.0,810.0,344.0,2.0,0.0,0.0,1.0,135.0,186.0,0.01,0.0,0.0,14
3.0,52.0,9.0,2108.0,339.0,1.0,0.0,0.0,1.0,145.0,187.0,0.01,0.0,0.0,14
64.0,58.0,9.0,725.0,2293370.0,1.0,0.0,0.0,1.0,155.0,21.0,0.01,0.0,0.0,17
8.0,52.0,9.0,2709.0,374.0,1.0,0.0,0.0,1.0,165.0,187.0,0.01,0.0,0.0,12
2.0,52.0,9.0,967.0,334.0,1.0,0.0,0.0,1.0,175.0,185.0,0.01,0.0,0.0,12
0.0,52.0,9.0,1411.0,344.0,1.0,0.0,0.0,1.0,185.0,181.0,0.01,0.0,0.0,12
0.0,52.0,9.0,2570.0,334.0,1.0,0.0,0.0,1.0,195.0,177.0,0.01,0.0,0.0,12
1.0,52.0,9.0,2104.0,336.0,1.0,0.0,0.0,1.0,205.0,178.0,0.0,0.0,0.0,12
0.0,17.0,9.0,6932.0,0.0,2.0,0.0,0.0,1.0,215.0,42.0,0.17,0.0,0.0,6
1.0,52.0,9.0,1137.0,372.0,1.0,0.0,0.0,1.0,225.0,175.0,0.0,0.0,0.0,17
1.0,52.0,9.0,1310.0,340.0,1.0,0.0,0.0,1.0,235.0,174.0,0.0,0.0,0.0,17
0.0,17.0,9.0,1766.0,0.0,2.0,0.0,0.0,1.0,245.0,49.0,0.18,0.0,0.0,17
0.0,17.0,9.0,7196.0,0.0,10.0,0.0,0.0,1.0,255.0,53.0,0.21,0.0,0.0,6
0.0,17.0,9.0,4892.0,0.0,5.0,0.0,0.0,1.0,105.0,35.0,0.33,0.0,0.0,15
0.0,17.0,9.0,5336.0,0.0,15.0,0.0,0.0,1.0,115.0,45.0,0.39,0.0,0.0,15
1.0,52.0,9.0,3423.0,330.0,1.0,0.0,0.0,1.0,125.0,57.0,0.01,0.0,0.0,15
0.0,52.0,9.0,787.0,331.0,1.0,0.0,0.0,1.0,135.0,64.0,0.01,0.0,0.0,15
0.0,52.0,9.0,1037.0,332.0,1.0,0.0,0.0,1.0,145.0,72.0,0.01,0.0,0.0,15
0.0,52.0,9.0,806.0,332.0,1.0,0.0,0.0,1.0,155.0,79.0,0.01,0.0,0.0,15
0.0,52.0,9.0,2351.0,329.0,1.0,0.0,0.0,1.0,165.0,85.0,0.01,0.0,0.0,17
0.0,17.0,9.0,641.0,0.0,2.0,0.0,0.0,1.0,175.0,53.0,0.3,0.0,0.0,6
0.0,17.0,9.0,10389.0,0.0,9.0,0.0,0.0,0.89,185.0,62.0,0.34,0.0,0.0,6
0.0,17.0,9.0,8325.0,0.0,16.0,0.0,0.0,1.0,195.0,72.0,0.37,0.0,0.0,6
0.0,52.0,9.0,1010.0,331.0,1.0,0.0,0.0,1.0,205.0,93.0,0.0,0.0,0.0,17
0.0,9.0,9.0,30.0,0.0,1.0,0.0,0.0,1.0,215.0,22.0,0.1,0.0,0.0,17
0.0,52.0,9.0,854.0,360.0,1.0,0.0,0.0,1.0,225.0,107.0,0.0,0.0,0.0,3
0.0,52.0,9.0,726.0,330.0,1.0,0.0,0.0,1.0,245.0,122.0,0.0,0.0,0.0,3
0.0,52.0,9.0,1834.0,330.0,1.0,0.0,0.0,1.0,255.0,135.0,0.0,0.0,0.0,3
0.0,52.0,9.0,779.0,333.0,2.0,0.0,0.0,0.5,255.0,136.0,0.0,0.0,0.0,17
0.0,52.0,9.0,2842.0,327.0,1.0,0.0,0.0,1.0,255.0,132.0,0.0,0.0,0.0,3
0.0,52.0,9.0,1239.0,332.0,1.0,0.0,0.0,1.0,255.0,112.0,0.0,0.0,0.0,3
0.0,52.0,9.0,1247.0,329.0,1.0,0.0,0.0,1.0,255.0,109.0,0.0,0.0,0.0,3
0.0,52.0,9.0,910.0,330.0,1.0,0.0,0.0,1.0,255.0,114.0,0.0,0.0,0.0,3
0.0,52.0,9.0,1349.0,279.0,1.0,0.0,0.0,1.0,255.0,122.0,0.0,0.0,0.0,3
0.0,52.0,9.0,1377.0,371.0,1.0,0.0,0.0,1.0,255.0,129.0,0.0,0.0,0.0,3
0.0,52.0,9.0,2418.0,330.0,1.0,0.0,0.0,1.0,255.0,129.0,0.0,0.0,0.0,3
0.0,52.0,9.0,871.0,333.0,1.0,0.0,0.0,1.0,20.0,129.0,0.05,0.0,0.0,15
1.0,52.0,9.0,1282.0,363.0,1.0,0.0,0.0,1.0,40.0,130.0,0.03,0.0,0.0,15
1.0,52.0,9.0,1839.0,329.0,1.0,0.0,0.0,1.0,60.0,139.0,0.02,0.0,0.0,15
0.0,52.0,9.0,1643.0,329.0,1.0,0.0,0.0,1.0,90.0,135.0,0.01,0.0,0.0,14
0.0,52.0,9.0,1540.0,327.0,3.0,0.0,0.0,0.33,100.0,131.0,0.01,0.0,0.0,17
0.0,52.0,9.0,2541.0,328.0,1.0,0.0,0.0,1.0,120.0,130.0,0.01,0.01,0.01,17
0.0,9.0,9.0,46.0,112.0,131.0,0.0,0.0,1.0,251.0,186.0,0.0,0.0,0.0,10
0.0,9.0,9.0,44.0,133.0,141.0,0.0,0.0,1.0,255.0,193.0,0.0,0.0,0.0,10
0.0,9.0,9.0,45.0,136.0,151.0,0.0,0.0,1.0,255.0,198.0,0.0,0.0,0.0,10
0.0,9.0,9.0,44.0,125.0,3.0,0.0,0.0,1.0,255.0,205.0,0.0,0.0,0.0,14
0.0,9.0,9.0,44.0,132.0,9.0,0.0,0.0,1.0,255.0,210.0,0.0,0.0,0.0,14
0.0,9.0,9.0,44.0,136.0,19.0,0.0,0.0,1.0,255.0,213.0,0.0,0.0,0.0,11
0.0,9.0,9.0,44.0,130.0,29.0,0.0,0.0,1.0,255.0,217.0,0.0,0.0,0.0,10
0.0,9.0,9.0,43.0,131.0,39.0,0.0,0.0,1.0,255.0,220.0,0.0,0.0,0.0,10
0.0,9.0,9.0,44.0,110.0,49.0,0.0,0.0,1.0,255.0,227.0,0.0,0.0,0.0,9
0.0,9.0,9.0,45.0,133.0,59.0,0.0,0.0,1.0,255.0,236.0,0.0,0.0,0.0,9
0.0,9.0,9.0,46.0,112.0,69.0,0.0,0.0,1.0,255.0,237.0,0.0,0.0,0.0,9
0.0,9.0,9.0,46.0,143.0,79.0,0.0,0.0,1.0,255.0,242.0,0.0,0.0,0.0,9
0.0,9.0,9.0,44.0,131.0,89.0,0.0,0.0,1.0,255.0,251.0,0.0,0.0,0.0,9
0.0,9.0,9.0,45.0,135.0,99.0,0.0,0.0,1.0,255.0,255.0,0.0,0.0,0.0,7
0.0,9.0,9.0,43.0,132.0,109.0,0.0,0.0,1.0,255.0,255.0,0.0,0.0,0.0,7
0.0,9.0,9.0,43.0,121.0,119.0,0.0,0.0,1.0,255.0,255.0,0.0,0.0,0.0,7
0.0,9.0,9.0,44.0,131.0,129.0,0.0,0.0,1.0,255.0,255.0,0.0,0.0,0.0,7
0.0,9.0,9.0,45.0,123.0,139.0,0.0,0.0,1.0,255.0,255.0,0.0,0.0,0.0,7
0.0,9.0,9.0,43.0,131.0,149.0,0.0,0.0,1.0,255.0,255.0,0.0,0.0,0.0,9
0.0,9.0,9.0,43.0,135.0,159.0,0.0,0.0,1.0,255.0,255.0,0.0,0.0,0.0,11
0.0,9.0,9.0,45.0,126.0,5.0,0.0,0.0,1.0,255.0,255.0,0.0,0.0,0.0,8
0.0,9.0,9.0,45.0,125.0,15.0,0.0,0.0,1.0,255.0,255.0,0.0,0.0,0.0,8
0.0,9.0,9.0,46.0,143.0,25.0,0.0,0.0,1.0,255.0,255.0,0.0,0.0,0.0,8
0.0,9.0,9.0,43.0,133.0,35.0,0.0,0.0,1.0,255.0,255.0,0.0,0.0,0.0,8
0.0,9.0,9.0,45.0,144.0,45.0,0.0,0.0,1.0,255.0,255.0,0.0,0.0,0.0,8
0.0,9.0,9.0,46.0,136.0,55.0,0.0,0.0,1.0,255.0,255.0,0.0,0.0,0.0,8
0.0,9.0,9.0,46.0,135.0,65.0,0.0,0.0,1.0,255.0,255.0,0.0,0.0,0.0,8
0.0,9.0,9.0,46.0,46.0,75.0,0.0,0.0,0.99,255.0,254.0,0.01,0.0,0.0,9
0.0,9.0,9.0,44.0,44.0,85.0,0.0,0.0,0.99,255.0,254.0,0.01,0.0,0.0,9
0.0,9.0,9.0,46.0,46.0,95.0,0.0,0.0,0.99,255.0,254.0,0.01,0.0,0.0,7
0.0,9.0,9.0,44.0,44.0,105.0,0.0,0.0,0.99,255.0,254.0,0.01,0.0,0.0,7
0.0,9.0,9.0,43.0,43.0,115.0,0.0,0.0,0.99,255.0,254.0,0.01,0.0,0.0,7
0.0,9.0,9.0,44.0,44.0,125.0,0.0,0.0,0.99,255.0,254.0,0.01,0.0,0.0,7
0.0,9.0,9.0,44.0,44.0,135.0,0.0,0.0,0.99,255.0,254.0,0.01,0.0,0.0,7
0.0,9.0,9.0,42.0,42.0,145.0,0.0,0.0,0.99,255.0,254.0,0.01,0.0,0.0,9
0.0,9.0,9.0,43.0,43.0,155.0,0.0,0.0,0.99,255.0,254.0,0.01,0.0,0.0,11
0.0,9.0,9.0,45.0,45.0,4.0,0.0,0.0,1.0,255.0,254.0,0.01,0.0,0.0,8
0.0,9.0,9.0,46.0,46.0,10.0,0.0,0.0,1.0,255.0,254.0,0.01,0.0,0.0,8
0.0,9.0,9.0,45.0,45.0,20.0,0.0,0.0,1.0,255.0,254.0,0.01,0.0,0.0,8
0.0,9.0,9.0,44.0,44.0,30.0,0.0,0.0,1.0,255.0,254.0,0.01,0.0,0.0,8
0.0,9.0,9.0,44.0,44.0,40.0,0.0,0.0,1.0,255.0,254.0,0.01,0.0,0.0,8
0.0,9.0,9.0,44.0,44.0,50.0,0.0,0.0,1.0,255.0,254.0,0.01,0.0,0.0,8
0.0,9.0,9.0,45.0,45.0,60.0,0.0,0.0,1.0,255.0,254.0,0.01,0.0,0.0,8
0.0,9.0,9.0,43.0,43.0,70.0,0.0,0.0,1.0,255.0,254.0,0.01,0.0,0.0,9
0.0,9.0,9.0,43.0,43.0,80.0,0.0,0.0,1.0,255.0,254.0,0.01,0.0,0.0,9
0.0,9.0,9.0,46.0,46.0,90.0,0.0,0.0,1.0,255.0,254.0,0.01,0.0,0.0,9
0.0,9.0,9.0,45.0,45.0,100.0,0.0,0.0,1.0,255.0,254.0,0.01,0.0,0.0,7
0.0,9.0,9.0,45.0,45.0,110.0,0.0,0.0,1.0,255.0,254.0,0.01,0.0,0.0,7
0.0,9.0,9.0,43.0,43.0,120.0,0.0,0.0,1.0,255.0,254.0,0.01,0.0,0.0,7
0.0,9.0,9.0,45.0,45.0,130.0,0.0,0.0,1.0,255.0,254.0,0.01,0.0,0.0,7
0.0,9.0,9.0,43.0,43.0,140.0,0.0,0.0,1.0,255.0,254.0,0.01,0.0,0.0,7
0.0,9.0,9.0,41.0,41.0,150.0,0.0,0.0,1.0,255.0,254.0,0.01,0.0,0.0,11
0.0,9.0,9.0,44.0,44.0,160.0,0.0,0.0,1.0,255.0,255.0,0.01,0.0,0.0,11
0.0,9.0,9.0,43.0,43.0,6.0,0.0,0.0,1.0,255.0,255.0,0.01,0.0,0.0,8
0.0,9.0,9.0,44.0,44.0,16.0,0.0,0.0,1.0,255.0,255.0,0.01,0.0,0.0,8
0.0,9.0,9.0,44.0,44.0,26.0,0.0,0.0,1.0,255.0,255.0,0.01,0.0,0.0,8
0.0,9.0,9.0,43.0,43.0,36.0,0.0,0.0,1.0,255.0,255.0,0.01,0.0,0.0,8
0.0,9.0,9.0,43.0,43.0,46.0,0.0,0.0,1.0,255.0,255.0,0.01,0.0,0.0,8
0.0,9.0,9.0,43.0,43.0,56.0,0.0,0.0,1.0,255.0,255.0,0.01,0.0,0.0,8
0.0,9.0,9.0,43.0,43.0,66.0,0.0,0.0,1.0,255.0,255.0,0.01,0.0,0.0,9
0.0,9.0,9.0,45.0,45.0,76.0,0.0,0.0,1.0,255.0,255.0,0.01,0.0,0.0,9
0.0,9.0,9.0,44.0,44.0,86.0,0.0,0.0,1.0,255.0,255.0,0.01,0.0,0.0,9
0.0,21.0,9.0,302.0,4776.0,1.0,0.0,0.0,1.0,32.0,255.0,0.03,0.0,0.0,13
0.0,21.0,9.0,248.0,6196.0,1.0,0.0,0.0,1.0,42.0,255.0,0.02,0.0,0.0,13
0.0,21.0,9.0,202.0,18347.0,3.0,0.33,0.14,1.0,52.0,255.0,0.02,0.02,0.0,18
0.0,21.0,9.0,201.0,1235.0,13.0,0.08,0.05,1.0,62.0,255.0,0.02,0.02,0.0,18
0.0,21.0,9.0,211.0,4743.0,2.0,0.0,0.0,1.0,72.0,255.0,0.01,0.01,0.0,14
0.0,21.0,9.0,168.0,3030.0,1.0,0.0,0.0,1.0,82.0,255.0,0.01,0.01,0.0,14
0.0,21.0,9.0,213.0,10087.0,3.0,0.0,0.33,1.0,92.0,255.0,0.01,0.01,0.0,14
0.0,21.0,9.0,223.0,376.0,1.0,0.0,0.0,1.0,2.0,255.0,0.5,0.0,0.0,16
0.0,21.0,9.0,301.0,1376.0,10.0,0.0,0.0,1.0,10.0,255.0,0.1,0.0,0.0,13
0.0,21.0,9.0,296.0,1415.0,20.0,0.0,0.0,1.0,20.0,255.0,0.05,0.0,0.0,13
0.0,21.0,9.0,298.0,1293.0,30.0,0.0,0.0,1.0,30.0,255.0,0.03,0.0,0.0,13
0.0,21.0,9.0,296.0,3752.0,40.0,0.0,0.0,1.0,40.0,255.0,0.03,0.0,0.0,13
0.0,21.0,9.0,292.0,1091.0,50.0,0.0,0.0,1.0,50.0,255.0,0.02,0.0,0.0,13
0.0,21.0,9.0,300.0,1376.0,56.0,0.0,0.0,1.0,60.0,255.0,0.02,0.0,0.0,13
0.0,21.0,9.0,230.0,2130.0,3.0,0.0,0.0,1.0,70.0,255.0,0.01,0.0,0.0,13
0.0,21.0,9.0,297.0,1346.0,13.0,0.0,0.0,1.0,80.0,255.0,0.01,0.0,0.0,13
0.0,21.0,9.0,290.0,1091.0,23.0,0.0,0.0,1.0,90.0,255.0,0.01,0.0,0.0,13
0.0,21.0,9.0,294.0,1093.0,33.0,0.0,0.0,1.0,100.0,255.0,0.01,0.0,0.0,13
0.0,21.0,9.0,294.0,1420.0,43.0,0.0,0.0,1.0,110.0,255.0,0.01,0.0,0.0,13
0.0,21.0,9.0,296.0,1426.0,53.0,0.0,0.0,1.0,120.0,255.0,0.01,0.0,0.0,14
0.0,21.0,9.0,294.0,1439.0,63.0,0.0,0.0,1.0,130.0,255.0,0.01,0.0,0.0,14
0.0,21.0,9.0,203.0,27130.0,6.0,0.0,0.0,1.0,6.0,255.0,0.17,0.0,0.0,13
0.0,21.0,9.0,277.0,1684.0,10.0,0.0,0.0,1.0,10.0,255.0,0.1,0.0,0.0,13
0.0,21.0,9.0,294.0,2542.0,5.0,0.0,0.0,1.0,5.0,255.0,0.2,0.0,0.0,1
0.0,21.0,9.0,230.0,3165.0,1.0,0.0,0.0,1.0,1.0,255.0,1.0,0.0,0.0,16
0.0,21.0,9.0,305.0,3234.0,4.0,0.0,0.0,1.0,11.0,255.0,0.09,0.0,0.0,13
0.0,21.0,9.0,311.0,2170.0,3.0,0.0,0.0,1.0,3.0,255.0,0.33,0.0,0.0,13
0.0,21.0,9.0,308.0,11121.0,13.0,0.0,0.0,1.0,13.0,255.0,0.08,0.0,0.0,13
0.0,21.0,9.0,313.0,2142.0,8.0,0.0,0.0,1.0,23.0,255.0,0.04,0.0,0.0,13
0.0,21.0,9.0,285.0,330.0,3.0,0.0,0.0,1.0,3.0,255.0,0.33,0.0,0.0,13
0.0,21.0,9.0,286.0,531.0,13.0,0.0,0.0,1.0,13.0,255.0,0.08,0.0,0.0,13
0.0,21.0,9.0,283.0,324.0,23.0,0.0,0.0,1.0,23.0,255.0,0.04,0.0,0.0,13
0.0,21.0,9.0,258.0,1205.0,1.0,0.0,0.0,1.0,33.0,255.0,0.03,0.0,0.0,13
0.0,21.0,9.0,284.0,9133.0,10.0,0.0,0.0,1.0,10.0,255.0,0.1,0.0,0.0,13
0.0,21.0,9.0,276.0,2903.0,20.0,0.0,0.0,1.0,20.0,255.0,0.05,0.0,0.0,13
0.0,21.0,9.0,190.0,1603.0,9.0,0.0,0.0,1.0,30.0,255.0,0.03,0.0,0.0,13
0.0,21.0,9.0,196.0,393.0,19.0,0.0,0.0,1.0,40.0,255.0,0.03,0.0,0.0,13
0.0,21.0,9.0,284.0,393.0,8.0,0.0,0.0,1.0,50.0,255.0,0.02,0.0,0.0,13
0.0,21.0,9.0,275.0,442.0,18.0,0.0,0.0,1.0,60.0,255.0,0.02,0.0,0.0,13
0.0,21.0,9.0,142.0,3842.0,4.0,0.0,0.0,1.0,4.0,255.0,0.25,0.0,0.0,1
0.0,21.0,9.0,281.0,170.0,4.0,0.0,0.0,1.0,4.0,255.0,0.25,0.0,0.0,1
0.0,21.0,9.0,279.0,168.0,14.0,0.0,0.0,1.0,14.0,255.0,0.07,0.0,0.0,13
0.0,21.0,9.0,302.0,191.0,24.0,0.0,0.0,1.0,24.0,255.0,0.04,0.0,0.0,13
120.0,21.0,9.0,279.0,168.0,2.0,0.0,0.0,1.0,34.0,255.0,0.03,0.0,0.0,18
0.0,21.0,9.0,275.0,247.0,1.0,0.0,0.0,1.0,2.0,255.0,0.5,0.0,0.0,16
0.0,21.0,9.0,337.0,7451.0,1.0,0.0,0.0,1.0,5.0,255.0,0.2,0.0,0.0,13
0.0,21.0,9.0,295.0,406.0,1.0,0.0,0.0,1.0,5.0,255.0,0.2,0.0,0.0,13
0.0,21.0,9.0,145.0,432.0,1.0,0.0,0.0,1.0,1.0,255.0,1.0,0.0,0.0,16
0.0,21.0,9.0,201.0,62535.0,10.0,0.0,0.0,1.0,10.0,255.0,0.1,0.0,0.0,13
0.0,21.0,9.0,235.0,5754.0,2.0,0.0,0.0,1.0,4.0,255.0,0.25,0.0,0.0,1
0.0,21.0,9.0,303.0,150638.0,10.0,0.0,0.0,1.0,10.0,255.0,0.1,0.0,0.0,13
0.0,21.0,9.0,325.0,27811.0,4.0,0.0,0.0,1.0,20.0,255.0,0.05,0.0,0.0,13
0.0,21.0,9.0,258.0,6496.0,1.0,0.0,0.0,1.0,30.0,255.0,0.03,0.0,0.0,13
0.0,21.0,9.0,303.0,150638.0,11.0,0.0,0.0,1.0,40.0,255.0,0.03,0.0,0.0,13
0.0,21.0,9.0,323.0,1075.0,5.0,0.0,0.0,1.0,5.0,255.0,0.2,0.0,0.0,1
0.0,21.0,9.0,328.0,324.0,4.0,0.0,0.0,1.0,15.0,255.0,0.07,0.0,0.0,13
0.0,21.0,9.0,326.0,4660.0,8.0,0.0,0.0,1.0,25.0,255.0,0.04,0.0,0.0,13
0.0,21.0,9.0,334.0,2684.0,4.0,0.0,0.0,1.0,35.0,255.0,0.03,0.0,0.0,13
0.0,21.0,9.0,331.0,1417.0,1.0,0.0,0.0,1.0,45.0,255.0,0.02,0.0,0.0,13
0.0,21.0,9.0,333.0,35187.0,11.0,0.0,0.0,1.0,55.0,255.0,0.02,0.0,0.0,13
0.0,21.0,9.0,197.0,1571.0,4.0,0.0,0.0,1.0,4.0,255.0,0.25,0.0,0.0,1
0.0,21.0,9.0,197.0,13802.0,3.0,0.0,0.0,1.0,3.0,255.0,0.33,0.0,0.0,13
0.0,21.0,9.0,215.0,2941.0,3.0,0.0,0.0,1.0,8.0,255.0,0.12,0.0,0.0,13
0.0,21.0,9.0,214.0,3687.0,6.0,0.0,0.0,1.0,18.0,255.0,0.06,0.0,0.0,13
0.0,21.0,9.0,297.0,599.0,4.0,0.0,0.0,1.0,4.0,255.0,0.25,0.0,0.0,1
0.0,21.0,9.0,296.0,540.0,14.0,0.0,0.0,1.0,14.0,255.0,0.07,0.0,0.0,13
0.0,21.0,9.0,296.0,617.0,24.0,0.0,0.0,1.0,24.0,255.0,0.04,0.0,0.0,13
0.0,21.0,9.0,294.0,29288.0,34.0,0.0,0.0,1.0,34.0,255.0,0.03,0.0,0.0,13
0.0,21.0,9.0,285.0,34557.0,2.0,0.0,0.0,1.0,7.0,255.0,0.14,0.0,0.0,13
9.0,17.0,9.0,0.0,5153460.0,3.0,0.0,0.0,1.0,3.0,3.0,1.0,0.0,0.0,18
10.0,17.0,9.0,0.0,5155468.0,1.0,0.0,0.0,1.0,4.0,4.0,1.0,0.0,0.0,18
10.0,17.0,9.0,0.0,5151385.0,1.0,0.0,0.0,1.0,5.0,5.0,1.0,0.0,0.0,18
9.0,17.0,9.0,0.0,5150836.0,1.0,0.0,0.0,1.0,6.0,6.0,1.0,0.0,0.0,18
10.0,17.0,9.0,0.0,5150823.0,1.0,0.0,0.0,1.0,7.0,7.0,1.0,0.0,0.0,18
10.0,17.0,9.0,0.0,5150877.0,1.0,0.0,0.0,1.0,8.0,8.0,1.0,0.0,0.0,18
9.0,17.0,9.0,0.0,5150772.0,1.0,0.0,0.0,1.0,9.0,9.0,1.0,0.0,0.0,18
10.0,17.0,9.0,0.0,5150841.0,1.0,0.0,0.0,1.0,10.0,10.0,1.0,0.0,0.0,18
10.0,17.0,9.0,0.0,5150790.0,1.0,0.0,0.0,1.0,11.0,11.0,1.0,0.0,0.0,18
9.0,17.0,9.0,0.0,5153771.0,1.0,0.0,0.0,1.0,12.0,12.0,1.0,0.0,0.0,18
9.0,17.0,9.0,0.0,5151049.0,1.0,0.0,0.0,1.0,13.0,13.0,1.0,0.0,0.0,18
9.0,17.0,9.0,0.0,5149533.0,1.0,0.0,0.0,1.0,14.0,14.0,1.0,0.0,0.0,18
9.0,17.0,9.0,0.0,5150938.0,1.0,0.0,0.0,1.0,15.0,15.0,1.0,0.0,0.0,18
10.0,17.0,9.0,0.0,5151154.0,1.0,0.0,0.0,1.0,16.0,16.0,1.0,0.0,0.0,18
25.0,58.0,9.0,269.0,2333.0,1.0,0.0,0.0,1.0,69.0,2.0,0.01,0.0,0.0,17
54.0,58.0,9.0,260.0,2635.0,1.0,0.0,0.0,1.0,255.0,1.0,0.0,0.0,0.0,17
45.0,58.0,9.0,268.0,2364.0,1.0,0.0,0.0,1.0,255.0,2.0,0.0,0.0,0.0,17
